0x20571,
0x1ff62,
0x2377f,
0x11344,
0x2058b,
0x1005f,
0x2059f,
0x101b3,
0xe2d35,
0x89a85,
0x1a285,
0x8010b,
0x20692,
0x10612,
0x23879,
0x113dc,
0x22ddd,
0x206a4,
0x22dc9,
0x21fa3,
0x162d9,
0x206b4,
0x19f3e,
0x20751,
0xe3240,
0x1fcfb,
0x894a5,
0x11a70,
0xb646b,
0x10fe7,
0x10f82,
0x16212,
0x1fc90,
0xe1780,
0x802a8,
0x20005,
0xe1af3,
0xe1b10,
0x1018c,
0x2202d,
0x2906f,
0x89679,
0x10589,
0x894d4,
0xb65d,
0x10a8f,
0x237ab,
0x105b3,
0x10457,
0x22d27,
0x23073,
0x22f3a,
0x20290,
0x200dd,
0x1798c,
0x10d9b,
0xe1779,
0x201a5,
0x162c0,
0x1fff8,
0x8029d,
0xe3d18,
0x201ba,
0x1fc2f,
0x80294,
0x1102d,
0x1618a,
0x1a369,
0xb675,
0xe1ace,
0x23843,
0x1fc16,
0x237d8,
0x2274d,
0x21141,
0x104ac,
0x10447,
0xb773,
0x2277c,
0x1ff45,
0x20574,
0xe2cb3,
0x201ce,
0x1fd88,
0xb6736,
0x1141d,
0x22d80,
0x16253,
0x17a33,
0xb6f4,
0x162b7,
0xe1ac7,
0xb203,
0x206e6,
0x161fb,
0x17d86,
0xe4e08,
0xe1b09,
0x1fcd1,
0xb74d,
0x1fec6,
0xe178f,
0x2302c,
0x1fcdb,
0x23310,
0x1fc47,
0x1625f,
0x1fb7d,
0x80ae2,
0x1a35d,
0x20154,
0xe1763,
0x209a0,
0x8026d,
0x1101d,
0x1fca1,
0x2064f,
0x80262,
0x22b1e,
0x29119,
0x1fc02,
0x2055d,
0xacaa,
0x1fba0,
0x2019b,
0xe11d7,
0x10dbe,
0x205ac,
0x17c08,
0x1002c,
0x22d9a,
0x145be,
0x8027f,
0x16274,
0x202c0,
0x10562,
0x1fe9d,
0x21f6c,
0x202b6,
0x2072c,
0x10c4f,
0x1ffa8,
0xe1da9,
0x1fce2,
0x2066a,
0x23133,
0x10ec1,
0x2075b,
0x1a132,
0x1fe7f,
0x1130f,
0x179d3,
0xe176a,
0x1ff14,
0xb7e08,
0x16227,
0x1fc74,
0x1fe01,
0x1fed2,
0x159ed,
0xb7747,
0x1fbcf,
0x23115,
0x161b0,
0x63c24,
0x1fe46,
0x10d04,
0x20671,
0x20286,
0x201db,
0x1fe66,
0xb6ae,
0x2112a,
0xb6cb,
0x161b7,
0x17a4c,
0x17bfb,
0xb717,
0x209ac,
0x89642,
0x21da6,
0x22cec,
0x17a36,
0x20187,
0xb614,
0xe1366,
0x146c7,
0x160e5,
0x22fff,
0x10477,
0xb691,
0x2305c,
0x22cd7,
0x17d67,
0x97482,
0xe1ae4,
0xb63c,
